dataset,n_keys,index,config,size_in_bytes,rep,n_samples,build_time,eval_time,lookup_time,eval_accu,lookup_accu
fb_200M_uint64,199999999,PGM-index,"epsilon=8192,epsilon_recursive=16",7600,0,20000000,2797632007,671886714,11954347897,6000503386886946,2000169621899627
fb_200M_uint64,199999999,PGM-index,"epsilon=8192,epsilon_recursive=16",7600,1,20000000,2799239047,671462660,11882089431,6000503386886946,2000169621899627
fb_200M_uint64,199999999,PGM-index,"epsilon=8192,epsilon_recursive=16",7600,2,20000000,2800992674,671819383,11890458252,6000503386886946,2000169621899627
fb_200M_uint64,199999999,PGM-index,"epsilon=4096,epsilon_recursive=16",27064,0,20000000,3004881400,522898245,10025946032,6000504719247036,2000169621899627
fb_200M_uint64,199999999,PGM-index,"epsilon=4096,epsilon_recursive=16",27064,1,20000000,3003242379,522057182,10031962984,6000504719247036,2000169621899627
fb_200M_uint64,199999999,PGM-index,"epsilon=4096,epsilon_recursive=16",27064,2,20000000,3003135604,522203695,10027152381,6000504719247036,2000169621899627
fb_200M_uint64,199999999,PGM-index,"epsilon=2048,epsilon_recursive=16",94352,0,20000000,3291647278,796795313,9890929236,6000505293270107,2000169621899627
fb_200M_uint64,199999999,PGM-index,"epsilon=2048,epsilon_recursive=16",94352,1,20000000,3294804428,796193745,9884307935,6000505293270107,2000169621899627
fb_200M_uint64,199999999,PGM-index,"epsilon=2048,epsilon_recursive=16",94352,2,20000000,3288038575,796047474,9900140412,6000505293270107,2000169621899627
fb_200M_uint64,199999999,PGM-index,"epsilon=1024,epsilon_recursive=16",296096,0,20000000,3624100810,872914004,8856530235,6000506328851735,2000169621899627
fb_200M_uint64,199999999,PGM-index,"epsilon=1024,epsilon_recursive=16",296096,1,20000000,3627344182,870831773,8863459950,6000506328851735,2000169621899627
fb_200M_uint64,199999999,PGM-index,"epsilon=1024,epsilon_recursive=16",296096,2,20000000,3624398078,870741578,8863695256,6000506328851735,2000169621899627
fb_200M_uint64,199999999,PGM-index,"epsilon=512,epsilon_recursive=16",807488,0,20000000,3965423785,1017399230,8140447507,6000507312757229,2000169621899627
fb_200M_uint64,199999999,PGM-index,"epsilon=512,epsilon_recursive=16",807488,1,20000000,3947061226,1018617632,8227560262,6000507312757229,2000169621899627
fb_200M_uint64,199999999,PGM-index,"epsilon=512,epsilon_recursive=16",807488,2,20000000,3950041713,1018675368,8202597677,6000507312757229,2000169621899627
fb_200M_uint64,199999999,PGM-index,"epsilon=256,epsilon_recursive=16",1919240,0,20000000,4222146453,1305349100,6540134771,6000507965363770,2000169621899627
fb_200M_uint64,199999999,PGM-index,"epsilon=256,epsilon_recursive=16",1919240,1,20000000,4220469009,1296830010,6709003849,6000507965363770,2000169621899627
fb_200M_uint64,199999999,PGM-index,"epsilon=256,epsilon_recursive=16",1919240,2,20000000,4217507633,1299551403,6631217468,6000507965363770,2000169621899627
fb_200M_uint64,199999999,PGM-index,"epsilon=128,epsilon_recursive=16",4103472,0,20000000,4426241622,1184549218,5305353546,6000508366824994,2000169621899627
fb_200M_uint64,199999999,PGM-index,"epsilon=128,epsilon_recursive=16",4103472,1,20000000,4424425344,1185629857,5337064174,6000508366824994,2000169621899627
fb_200M_uint64,199999999,PGM-index,"epsilon=128,epsilon_recursive=16",4103472,2,20000000,4424221971,1185993048,5279164333,6000508366824994,2000169621899627
fb_200M_uint64,199999999,PGM-index,"epsilon=64,epsilon_recursive=16",8380968,0,20000000,4613461739,1412909380,5693105531,6000508599869444,2000169621899627
fb_200M_uint64,199999999,PGM-index,"epsilon=64,epsilon_recursive=16",8380968,1,20000000,4620802607,1432812117,5664316321,6000508599869444,2000169621899627
fb_200M_uint64,199999999,PGM-index,"epsilon=64,epsilon_recursive=16",8380968,2,20000000,4608111965,1433207173,5673637690,6000508599869444,2000169621899627
fb_200M_uint64,199999999,PGM-index,"epsilon=32,epsilon_recursive=16",16929592,0,20000000,4849539082,1801722830,5977080426,6000508728263695,2000169621899627
fb_200M_uint64,199999999,PGM-index,"epsilon=32,epsilon_recursive=16",16929592,1,20000000,4847751098,1810148194,5991001446,6000508728263695,2000169621899627
fb_200M_uint64,199999999,PGM-index,"epsilon=32,epsilon_recursive=16",16929592,2,20000000,4844998749,1803115662,5969741600,6000508728263695,2000169621899627
fb_200M_uint64,199999999,PGM-index,"epsilon=16,epsilon_recursive=16",34076888,0,20000000,5135071769,2632894374,5964937106,6000508799116300,2000169621899627
fb_200M_uint64,199999999,PGM-index,"epsilon=16,epsilon_recursive=16",34076888,1,20000000,5127836191,2668372872,5966289283,6000508799116300,2000169621899627
fb_200M_uint64,199999999,PGM-index,"epsilon=16,epsilon_recursive=16",34076888,2,20000000,5126793667,2646438875,5960197350,6000508799116300,2000169621899627
fb_200M_uint64,199999999,PGM-index,"epsilon=8,epsilon_recursive=16",68210520,0,20000000,5507077683,3427100673,5887855396,6000508838455342,2000169621899627
fb_200M_uint64,199999999,PGM-index,"epsilon=8,epsilon_recursive=16",68210520,1,20000000,5505498357,3439126793,5886795346,6000508838455342,2000169621899627
fb_200M_uint64,199999999,PGM-index,"epsilon=8,epsilon_recursive=16",68210520,2,20000000,5507049248,3440646641,5904404646,6000508838455342,2000169621899627
fb_200M_uint64,199999999,PGM-index,"epsilon=4,epsilon_recursive=16",134524664,0,20000000,5907992274,3947857390,6058603348,6000508860408214,2000169621899627
fb_200M_uint64,199999999,PGM-index,"epsilon=4,epsilon_recursive=16",134524664,1,20000000,5905481409,3926121394,6061023275,6000508860408214,2000169621899627
fb_200M_uint64,199999999,PGM-index,"epsilon=4,epsilon_recursive=16",134524664,2,20000000,5906548812,3929358954,6064507045,6000508860408214,2000169621899627
fb_200M_uint64,199999999,PGM-index,"epsilon=2,epsilon_recursive=16",254710064,0,20000000,6348345973,4626721418,6282406213,6000508873420237,2000169621899627
fb_200M_uint64,199999999,PGM-index,"epsilon=2,epsilon_recursive=16",254710064,1,20000000,6350358903,4627663024,6260802667,6000508873420237,2000169621899627
fb_200M_uint64,199999999,PGM-index,"epsilon=2,epsilon_recursive=16",254710064,2,20000000,6349002795,4583321871,6248966041,6000508873420237,2000169621899627
fb_200M_uint64,199999999,PGM-index,"epsilon=1,epsilon_recursive=16",443430704,0,20000000,6694553784,4724494801,6445259302,6000508882022284,2000169621899627
fb_200M_uint64,199999999,PGM-index,"epsilon=1,epsilon_recursive=16",443430704,1,20000000,6716655390,4747497038,6465104871,6000508882022284,2000169621899627
fb_200M_uint64,199999999,PGM-index,"epsilon=1,epsilon_recursive=16",443430704,2,20000000,6700144319,4731101076,6405234052,6000508882022284,2000169621899627
fb_200M_uint64,199999999,RMI-ref,fb_200M_uint64_0,402653200,0,20000000,12718954968,445922907,2912071732,2000170141596930,2000169621899627
fb_200M_uint64,199999999,RMI-ref,fb_200M_uint64_0,402653200,1,20000000,12718954968,443727309,2916350829,2000170141596930,2000169621899627
fb_200M_uint64,199999999,RMI-ref,fb_200M_uint64_0,402653200,2,20000000,12718954968,444011454,2885478642,2000170141596930,2000169621899627
fb_200M_uint64,199999999,RMI-ref,fb_200M_uint64_1,201326608,0,20000000,10961502214,426285286,3077838200,2000170444738572,2000169621899627
fb_200M_uint64,199999999,RMI-ref,fb_200M_uint64_1,201326608,1,20000000,10961502214,411946218,3104899170,2000170444738572,2000169621899627
fb_200M_uint64,199999999,RMI-ref,fb_200M_uint64_1,201326608,2,20000000,10961502214,409324825,3046254643,2000170444738572,2000169621899627
fb_200M_uint64,199999999,RMI-ref,fb_200M_uint64_2,100663312,0,20000000,9892036225,393219432,3334378251,2000170906150663,2000169621899627
fb_200M_uint64,199999999,RMI-ref,fb_200M_uint64_2,100663312,1,20000000,9892036225,372041010,3364418043,2000170906150663,2000169621899627
fb_200M_uint64,199999999,RMI-ref,fb_200M_uint64_2,100663312,2,20000000,9892036225,382370383,3363393157,2000170906150663,2000169621899627
fb_200M_uint64,199999999,RMI-ref,fb_200M_uint64_3,25165840,0,20000000,8941878041,279113479,4023666503,2000172630076300,2000169621899627
fb_200M_uint64,199999999,RMI-ref,fb_200M_uint64_3,25165840,1,20000000,8941878041,302050295,4019159065,2000172630076300,2000169621899627
fb_200M_uint64,199999999,RMI-ref,fb_200M_uint64_3,25165840,2,20000000,8941878041,279160081,4043158932,2000172630076300,2000169621899627
fb_200M_uint64,199999999,RMI-ref,fb_200M_uint64_4,12582928,0,20000000,8684714550,186070481,4492421465,2000174135467646,2000169621899627
fb_200M_uint64,199999999,RMI-ref,fb_200M_uint64_4,12582928,1,20000000,8684714550,186433726,4488219727,2000174135467646,2000169621899627
fb_200M_uint64,199999999,RMI-ref,fb_200M_uint64_4,12582928,2,20000000,8684714550,176126530,4481385795,2000174135467646,2000169621899627
fb_200M_uint64,199999999,RMI-ref,fb_200M_uint64_5,6291472,0,20000000,8587947580,138965450,4914223247,2000176301071747,2000169621899627
fb_200M_uint64,199999999,RMI-ref,fb_200M_uint64_5,6291472,1,20000000,8587947580,136764082,4902236291,2000176301071747,2000169621899627
fb_200M_uint64,199999999,RMI-ref,fb_200M_uint64_5,6291472,2,20000000,8587947580,138162556,4957034872,2000176301071747,2000169621899627
fb_200M_uint64,199999999,RMI-ref,fb_200M_uint64_6,3145744,0,20000000,8536713208,126782967,5374097810,2000179492471443,2000169621899627
fb_200M_uint64,199999999,RMI-ref,fb_200M_uint64_6,3145744,1,20000000,8536713208,131004973,5393009354,2000179492471443,2000169621899627
fb_200M_uint64,199999999,RMI-ref,fb_200M_uint64_6,3145744,2,20000000,8536713208,130110333,5329257664,2000179492471443,2000169621899627
fb_200M_uint64,199999999,RMI-ref,fb_200M_uint64_7,786448,0,20000000,8457491513,115727392,6218255218,2000190578717120,2000169621899627
fb_200M_uint64,199999999,RMI-ref,fb_200M_uint64_7,786448,1,20000000,8457491513,110283670,6210346261,2000190578717120,2000169621899627
fb_200M_uint64,199999999,RMI-ref,fb_200M_uint64_7,786448,2,20000000,8457491513,110750041,6207871840,2000190578717120,2000169621899627
fb_200M_uint64,199999999,RMI-ref,fb_200M_uint64_8,24592,0,20000000,8537797678,95531721,9489439576,2000313176603582,2000169621899627
fb_200M_uint64,199999999,RMI-ref,fb_200M_uint64_8,24592,1,20000000,8537797678,92994015,9592150068,2000313176603582,2000169621899627
fb_200M_uint64,199999999,RMI-ref,fb_200M_uint64_8,24592,2,20000000,8537797678,93089180,9594699228,2000313176603582,2000169621899627
fb_200M_uint64,199999999,RMI-ref,fb_200M_uint64_9,3088,0,20000000,9038883438,99690705,11110534535,2001180025667439,2000169621899627
fb_200M_uint64,199999999,RMI-ref,fb_200M_uint64_9,3088,1,20000000,9038883438,93506727,11151832195,2001180025667439,2000169621899627
fb_200M_uint64,199999999,RMI-ref,fb_200M_uint64_9,3088,2,20000000,9038883438,93776586,11220972948,2001180025667439,2000169621899627
fb_200M_uint64,199999999,"Binary search","",0,0,20000000,0,0,14408159459,0,2000169621899627
fb_200M_uint64,199999999,"Binary search","",0,1,20000000,0,0,14431857003,0,2000169621899627
fb_200M_uint64,199999999,"Binary search","",0,2,20000000,0,0,14393964634,0,2000169621899627
